{
  "All characters" : {
    "transaction" : "All characters",
    "sampleCount" : 100,
    "errorCount" : 0,
    "errorPct" : 0.0,
    "meanResTime" : 32.10999999999999,
    "medianResTime" : 13.5,
    "minResTime" : 0.0,
    "maxResTime" : 78.0,
    "pct1ResTime" : 74.0,
    "pct2ResTime" : 75.0,
    "pct3ResTime" : 78.0,
    "throughput" : 169.7792869269949,
    "receivedKBytesPerSec" : 441.86883223684214,
    "sentKBytesPerSec" : 26.6938136672326
  },
  "ChangeHero" : {
    "transaction" : "ChangeHero",
    "sampleCount" : 100,
    "errorCount" : 5,
    "errorPct" : 5.0,
    "meanResTime" : 2.07,
    "medianResTime" : 1.0,
    "minResTime" : 0.0,
    "maxResTime" : 20.0,
    "pct1ResTime" : 3.0,
    "pct2ResTime" : 7.0,
    "pct3ResTime" : 19.989999999999995,
    "throughput" : 309.59752321981426,
    "receivedKBytesPerSec" : 83.69715073529412,
    "sentKBytesPerSec" : 70.4546004256966
  },
  "Total" : {
    "transaction" : "Total",
    "sampleCount" : 500,
    "errorCount" : 31,
    "errorPct" : 6.2,
    "meanResTime" : 9.798000000000004,
    "medianResTime" : 2.0,
    "minResTime" : 0.0,
    "maxResTime" : 78.0,
    "pct1ResTime" : 21.900000000000034,
    "pct2ResTime" : 70.0,
    "pct3ResTime" : 75.0,
    "throughput" : 843.1703204047217,
    "receivedKBytesPerSec" : 623.9526243676223,
    "sentKBytesPerSec" : 160.25011857082632
  },
  "DeleteHero" : {
    "transaction" : "DeleteHero",
    "sampleCount" : 100,
    "errorCount" : 26,
    "errorPct" : 26.0,
    "meanResTime" : 2.010000000000001,
    "medianResTime" : 1.0,
    "minResTime" : 0.0,
    "maxResTime" : 39.0,
    "pct1ResTime" : 4.0,
    "pct2ResTime" : 5.0,
    "pct3ResTime" : 38.66999999999983,
    "throughput" : 317.46031746031747,
    "receivedKBytesPerSec" : 89.22371031746032,
    "sentKBytesPerSec" : 57.36297123015873
  },
  "GetById" : {
    "transaction" : "GetById",
    "sampleCount" : 100,
    "errorCount" : 0,
    "errorPct" : 0.0,
    "meanResTime" : 5.91,
    "medianResTime" : 4.0,
    "minResTime" : 0.0,
    "maxResTime" : 17.0,
    "pct1ResTime" : 16.0,
    "pct2ResTime" : 16.0,
    "pct3ResTime" : 17.0,
    "throughput" : 260.4166666666667,
    "receivedKBytesPerSec" : 70.45237223307292,
    "sentKBytesPerSec" : 41.460673014322914
  },
  "CreateHero" : {
    "transaction" : "CreateHero",
    "sampleCount" : 100,
    "errorCount" : 0,
    "errorPct" : 0.0,
    "meanResTime" : 6.8899999999999935,
    "medianResTime" : 4.0,
    "minResTime" : 0.0,
    "maxResTime" : 23.0,
    "pct1ResTime" : 15.0,
    "pct2ResTime" : 16.94999999999999,
    "pct3ResTime" : 22.97999999999999,
    "throughput" : 263.85224274406335,
    "receivedKBytesPerSec" : 72.69077753957784,
    "sentKBytesPerSec" : 59.5213555408971
  }
}