{
  "All characters" : {
    "transaction" : "All characters",
    "sampleCount" : 2000,
    "errorCount" : 372,
    "errorPct" : 18.6,
    "meanResTime" : 336.93000000000075,
    "medianResTime" : 106.0,
    "minResTime" : 0.0,
    "maxResTime" : 2195.0,
    "pct1ResTime" : 1178.5000000000005,
    "pct2ResTime" : 1446.9499999999998,
    "pct3ResTime" : 1632.98,
    "throughput" : 287.68699654775605,
    "receivedKBytesPerSec" : 24550.04742340334,
    "sentKBytesPerSec" : 36.818878560126585
  },
  "ChangeHero" : {
    "transaction" : "ChangeHero",
    "sampleCount" : 2000,
    "errorCount" : 1405,
    "errorPct" : 70.25,
    "meanResTime" : 11.08950000000002,
    "medianResTime" : 1.0,
    "minResTime" : 0.0,
    "maxResTime" : 280.0,
    "pct1ResTime" : 29.90000000000009,
    "pct2ResTime" : 74.0,
    "pct3ResTime" : 180.0,
    "throughput" : 411.35335252982316,
    "receivedKBytesPerSec" : 235.4931660710613,
    "sentKBytesPerSec" : 59.032419786096256
  },
  "Total" : {
    "transaction" : "Total",
    "sampleCount" : 10000,
    "errorCount" : 4066,
    "errorPct" : 40.66,
    "meanResTime" : 91.4906999999999,
    "medianResTime" : 4.0,
    "minResTime" : 0.0,
    "maxResTime" : 2195.0,
    "pct1ResTime" : 172.0,
    "pct2ResTime" : 509.8499999999967,
    "pct3ResTime" : 1446.9899999999998,
    "throughput" : 1428.9797084881395,
    "receivedKBytesPerSec" : 24920.01830322056,
    "sentKBytesPerSec" : 211.50253308981138
  },
  "DeleteHero" : {
    "transaction" : "DeleteHero",
    "sampleCount" : 2000,
    "errorCount" : 1719,
    "errorPct" : 85.95,
    "meanResTime" : 6.433,
    "medianResTime" : 1.0,
    "minResTime" : 0.0,
    "maxResTime" : 234.0,
    "pct1ResTime" : 13.0,
    "pct2ResTime" : 39.94999999999982,
    "pct3ResTime" : 112.99000000000001,
    "throughput" : 420.16806722689074,
    "receivedKBytesPerSec" : 241.0820969012605,
    "sentKBytesPerSec" : 47.928702731092436
  },
  "GetById" : {
    "transaction" : "GetById",
    "sampleCount" : 2000,
    "errorCount" : 557,
    "errorPct" : 27.85,
    "meanResTime" : 36.570000000000036,
    "medianResTime" : 7.0,
    "minResTime" : 0.0,
    "maxResTime" : 247.0,
    "pct1ResTime" : 133.0,
    "pct2ResTime" : 144.0,
    "pct3ResTime" : 171.0,
    "throughput" : 393.77830281551485,
    "receivedKBytesPerSec" : 166.30807460868283,
    "sentKBytesPerSec" : 51.33576983658201
  },
  "CreateHero" : {
    "transaction" : "CreateHero",
    "sampleCount" : 2000,
    "errorCount" : 13,
    "errorPct" : 0.65,
    "meanResTime" : 66.43100000000008,
    "medianResTime" : 18.5,
    "minResTime" : 0.0,
    "maxResTime" : 328.0,
    "pct1ResTime" : 226.0,
    "pct2ResTime" : 248.0,
    "pct3ResTime" : 309.99,
    "throughput" : 393.8558487593541,
    "receivedKBytesPerSec" : 114.44685561490743,
    "sentKBytesPerSec" : 88.27082666650256
  }
}